working_day,arrivals,capacity,completed,unused_capacity,backlog_end_of_day,bound_development_cost_eur,tested_development_cost_cumulative_eur,development_spend_cumulative_eur
1,10,10,10,0,0,0.00,10000.00,10000.00
2,12,10,10,0,2,2000.00,20000.00,22000.00
3,10,10,10,0,2,2000.00,30000.00,32000.00
4,12,10,10,0,4,4000.00,40000.00,44000.00
5,9,10,10,0,3,3000.00,50000.00,53000.00
6,12,10,10,0,5,5000.00,60000.00,65000.00
7,9,10,10,0,4,4000.00,70000.00,74000.00
8,9,10,10,0,3,3000.00,80000.00,83000.00
9,10,10,10,0,3,3000.00,90000.00,93000.00
10,12,10,10,0,5,5000.00,100000.00,105000.00
11,12,10,10,0,7,7000.00,110000.00,117000.00
12,8,10,10,0,5,5000.00,120000.00,125000.00
13,12,10,10,0,7,7000.00,130000.00,137000.00
14,12,10,10,0,9,9000.00,140000.00,149000.00
15,11,10,10,0,10,10000.00,150000.00,160000.00
16,11,10,10,0,11,11000.00,160000.00,171000.00
17,12,10,10,0,13,13000.00,170000.00,183000.00
18,8,10,10,0,11,11000.00,180000.00,191000.00
19,8,10,10,0,9,9000.00,190000.00,199000.00
20,9,10,10,0,8,8000.00,200000.00,208000.00
21,8,10,10,0,6,6000.00,210000.00,216000.00
22,10,10,10,0,6,6000.00,220000.00,226000.00
23,8,10,10,0,4,4000.00,230000.00,234000.00
24,8,10,10,0,2,2000.00,240000.00,242000.00
25,11,10,10,0,3,3000.00,250000.00,253000.00
26,9,10,10,0,2,2000.00,260000.00,262000.00
27,12,10,10,0,4,4000.00,270000.00,274000.00
28,12,10,10,0,6,6000.00,280000.00,286000.00
29,8,10,10,0,4,4000.00,290000.00,294000.00
30,10,10,10,0,4,4000.00,300000.00,304000.00
31,11,10,10,0,5,5000.00,310000.00,315000.00
32,8,10,10,0,3,3000.00,320000.00,323000.00
33,9,10,10,0,2,2000.00,330000.00,332000.00
34,12,10,10,0,4,4000.00,340000.00,344000.00
35,11,10,10,0,5,5000.00,350000.00,355000.00
36,8,10,10,0,3,3000.00,360000.00,363000.00
37,10,10,10,0,3,3000.00,370000.00,373000.00
38,11,10,10,0,4,4000.00,380000.00,384000.00
39,10,10,10,0,4,4000.00,390000.00,394000.00
40,10,10,10,0,4,4000.00,400000.00,404000.00
41,12,10,10,0,6,6000.00,410000.00,416000.00
42,8,10,10,0,4,4000.00,420000.00,424000.00
43,10,10,10,0,4,4000.00,430000.00,434000.00
44,10,10,10,0,4,4000.00,440000.00,444000.00
45,8,10,10,0,2,2000.00,450000.00,452000.00
46,12,10,10,0,4,4000.00,460000.00,464000.00
47,8,10,10,0,2,2000.00,470000.00,472000.00
48,12,10,10,0,4,4000.00,480000.00,484000.00
49,12,10,10,0,6,6000.00,490000.00,496000.00
50,8,10,10,0,4,4000.00,500000.00,504000.00
51,9,10,10,0,3,3000.00,510000.00,513000.00
52,10,10,10,0,3,3000.00,520000.00,523000.00
53,11,10,10,0,4,4000.00,530000.00,534000.00
54,8,10,10,0,2,2000.00,540000.00,542000.00
55,9,10,10,0,1,1000.00,550000.00,551000.00
56,10,10,10,0,1,1000.00,560000.00,561000.00
57,8,10,9,1,0,0.00,569000.00,569000.00
58,11,10,10,0,1,1000.00,579000.00,580000.00
59,9,10,10,0,0,0.00,589000.00,589000.00
60,11,10,10,0,1,1000.00,599000.00,600000.00
61,12,10,10,0,3,3000.00,609000.00,612000.00
62,9,10,10,0,2,2000.00,619000.00,621000.00
63,10,10,10,0,2,2000.00,629000.00,631000.00
64,11,10,10,0,3,3000.00,639000.00,642000.00
65,8,10,10,0,1,1000.00,649000.00,650000.00
66,8,10,9,1,0,0.00,658000.00,658000.00
67,11,10,10,0,1,1000.00,668000.00,669000.00
68,11,10,10,0,2,2000.00,678000.00,680000.00
69,10,10,10,0,2,2000.00,688000.00,690000.00
70,11,10,10,0,3,3000.00,698000.00,701000.00
71,10,10,10,0,3,3000.00,708000.00,711000.00
72,11,10,10,0,4,4000.00,718000.00,722000.00
73,12,10,10,0,6,6000.00,728000.00,734000.00
74,8,10,10,0,4,4000.00,738000.00,742000.00
75,9,10,10,0,3,3000.00,748000.00,751000.00
76,12,10,10,0,5,5000.00,758000.00,763000.00
77,11,10,10,0,6,6000.00,768000.00,774000.00
78,11,10,10,0,7,7000.00,778000.00,785000.00
79,10,10,10,0,7,7000.00,788000.00,795000.00
80,8,10,10,0,5,5000.00,798000.00,803000.00
81,12,10,10,0,7,7000.00,808000.00,815000.00
82,9,10,10,0,6,6000.00,818000.00,824000.00
83,9,10,10,0,5,5000.00,828000.00,833000.00
84,12,10,10,0,7,7000.00,838000.00,845000.00
85,11,10,10,0,8,8000.00,848000.00,856000.00
86,11,10,10,0,9,9000.00,858000.00,867000.00
87,9,10,10,0,8,8000.00,868000.00,876000.00
88,8,10,10,0,6,6000.00,878000.00,884000.00
89,10,10,10,0,6,6000.00,888000.00,894000.00
90,11,10,10,0,7,7000.00,898000.00,905000.00
91,9,10,10,0,6,6000.00,908000.00,914000.00
92,11,10,10,0,7,7000.00,918000.00,925000.00
93,10,10,10,0,7,7000.00,928000.00,935000.00
94,9,10,10,0,6,6000.00,938000.00,944000.00
95,10,10,10,0,6,6000.00,948000.00,954000.00
96,8,10,10,0,4,4000.00,958000.00,962000.00
97,11,10,10,0,5,5000.00,968000.00,973000.00
98,8,10,10,0,3,3000.00,978000.00,981000.00
99,12,10,10,0,5,5000.00,988000.00,993000.00
100,10,10,10,0,5,5000.00,998000.00,1003000.00
101,9,10,10,0,4,4000.00,1008000.00,1012000.00
102,10,10,10,0,4,4000.00,1018000.00,1022000.00
103,8,10,10,0,2,2000.00,1028000.00,1030000.00
104,9,10,10,0,1,1000.00,1038000.00,1039000.00
105,9,10,10,0,0,0.00,1048000.00,1048000.00
106,9,10,9,1,0,0.00,1057000.00,1057000.00
107,10,10,10,0,0,0.00,1067000.00,1067000.00
108,12,10,10,0,2,2000.00,1077000.00,1079000.00
109,9,10,10,0,1,1000.00,1087000.00,1088000.00
110,12,10,10,0,3,3000.00,1097000.00,1100000.00
111,8,10,10,0,1,1000.00,1107000.00,1108000.00
112,10,10,10,0,1,1000.00,1117000.00,1118000.00
113,12,10,10,0,3,3000.00,1127000.00,1130000.00
114,12,10,10,0,5,5000.00,1137000.00,1142000.00
115,9,10,10,0,4,4000.00,1147000.00,1151000.00
116,11,10,10,0,5,5000.00,1157000.00,1162000.00
117,8,10,10,0,3,3000.00,1167000.00,1170000.00
118,12,10,10,0,5,5000.00,1177000.00,1182000.00
119,8,10,10,0,3,3000.00,1187000.00,1190000.00
120,11,10,10,0,4,4000.00,1197000.00,1201000.00
121,9,10,10,0,3,3000.00,1207000.00,1210000.00
122,12,10,10,0,5,5000.00,1217000.00,1222000.00
123,12,10,10,0,7,7000.00,1227000.00,1234000.00
124,12,10,10,0,9,9000.00,1237000.00,1246000.00
125,9,10,10,0,8,8000.00,1247000.00,1255000.00
126,11,10,10,0,9,9000.00,1257000.00,1266000.00
127,12,10,10,0,11,11000.00,1267000.00,1278000.00
128,10,10,10,0,11,11000.00,1277000.00,1288000.00
129,9,10,10,0,10,10000.00,1287000.00,1297000.00
130,11,10,10,0,11,11000.00,1297000.00,1308000.00
131,8,10,10,0,9,9000.00,1307000.00,1316000.00
132,10,10,10,0,9,9000.00,1317000.00,1326000.00
133,12,10,10,0,11,11000.00,1327000.00,1338000.00
134,11,10,10,0,12,12000.00,1337000.00,1349000.00
135,12,10,10,0,14,14000.00,1347000.00,1361000.00
136,8,10,10,0,12,12000.00,1357000.00,1369000.00
137,9,10,10,0,11,11000.00,1367000.00,1378000.00
138,8,10,10,0,9,9000.00,1377000.00,1386000.00
139,9,10,10,0,8,8000.00,1387000.00,1395000.00
140,9,10,10,0,7,7000.00,1397000.00,1404000.00
141,10,10,10,0,7,7000.00,1407000.00,1414000.00
142,8,10,10,0,5,5000.00,1417000.00,1422000.00
143,10,10,10,0,5,5000.00,1427000.00,1432000.00
144,9,10,10,0,4,4000.00,1437000.00,1441000.00
145,8,10,10,0,2,2000.00,1447000.00,1449000.00
146,8,10,10,0,0,0.00,1457000.00,1457000.00
147,10,10,10,0,0,0.00,1467000.00,1467000.00
148,8,10,8,2,0,0.00,1475000.00,1475000.00
149,9,10,9,1,0,0.00,1484000.00,1484000.00
150,11,10,10,0,1,1000.00,1494000.00,1495000.00
151,10,10,10,0,1,1000.00,1504000.00,1505000.00
152,10,10,10,0,1,1000.00,1514000.00,1515000.00
153,10,10,10,0,1,1000.00,1524000.00,1525000.00
154,10,10,10,0,1,1000.00,1534000.00,1535000.00
155,8,10,9,1,0,0.00,1543000.00,1543000.00
156,11,10,10,0,1,1000.00,1553000.00,1554000.00
157,11,10,10,0,2,2000.00,1563000.00,1565000.00
158,11,10,10,0,3,3000.00,1573000.00,1576000.00
159,8,10,10,0,1,1000.00,1583000.00,1584000.00
160,12,10,10,0,3,3000.00,1593000.00,1596000.00
161,8,10,10,0,1,1000.00,1603000.00,1604000.00
162,8,10,9,1,0,0.00,1612000.00,1612000.00
163,12,10,10,0,2,2000.00,1622000.00,1624000.00
164,8,10,10,0,0,0.00,1632000.00,1632000.00
165,11,10,10,0,1,1000.00,1642000.00,1643000.00
166,11,10,10,0,2,2000.00,1652000.00,1654000.00
167,11,10,10,0,3,3000.00,1662000.00,1665000.00
168,10,10,10,0,3,3000.00,1672000.00,1675000.00
169,8,10,10,0,1,1000.00,1682000.00,1683000.00
170,8,10,9,1,0,0.00,1691000.00,1691000.00
171,11,10,10,0,1,1000.00,1701000.00,1702000.00
172,10,10,10,0,1,1000.00,1711000.00,1712000.00
173,8,10,9,1,0,0.00,1720000.00,1720000.00
174,9,10,9,1,0,0.00,1729000.00,1729000.00
175,11,10,10,0,1,1000.00,1739000.00,1740000.00
176,10,10,10,0,1,1000.00,1749000.00,1750000.00
177,10,10,10,0,1,1000.00,1759000.00,1760000.00
178,10,10,10,0,1,1000.00,1769000.00,1770000.00
179,8,10,9,1,0,0.00,1778000.00,1778000.00
180,11,10,10,0,1,1000.00,1788000.00,1789000.00
181,12,10,10,0,3,3000.00,1798000.00,1801000.00
182,10,10,10,0,3,3000.00,1808000.00,1811000.00
183,12,10,10,0,5,5000.00,1818000.00,1823000.00
184,9,10,10,0,4,4000.00,1828000.00,1832000.00
185,10,10,10,0,4,4000.00,1838000.00,1842000.00
186,8,10,10,0,2,2000.00,1848000.00,1850000.00
187,9,10,10,0,1,1000.00,1858000.00,1859000.00
188,11,10,10,0,2,2000.00,1868000.00,1870000.00
189,12,10,10,0,4,4000.00,1878000.00,1882000.00
190,9,10,10,0,3,3000.00,1888000.00,1891000.00
191,12,10,10,0,5,5000.00,1898000.00,1903000.00
192,8,10,10,0,3,3000.00,1908000.00,1911000.00
193,9,10,10,0,2,2000.00,1918000.00,1920000.00
194,10,10,10,0,2,2000.00,1928000.00,1930000.00
195,9,10,10,0,1,1000.00,1938000.00,1939000.00
196,12,10,10,0,3,3000.00,1948000.00,1951000.00
197,9,10,10,0,2,2000.00,1958000.00,1960000.00
198,10,10,10,0,2,2000.00,1968000.00,1970000.00
199,12,10,10,0,4,4000.00,1978000.00,1982000.00
200,9,10,10,0,3,3000.00,1988000.00,1991000.00
201,11,10,10,0,4,4000.00,1998000.00,2002000.00
202,10,10,10,0,4,4000.00,2008000.00,2012000.00
203,8,10,10,0,2,2000.00,2018000.00,2020000.00
204,11,10,10,0,3,3000.00,2028000.00,2031000.00
205,10,10,10,0,3,3000.00,2038000.00,2041000.00
206,9,10,10,0,2,2000.00,2048000.00,2050000.00
207,11,10,10,0,3,3000.00,2058000.00,2061000.00
208,12,10,10,0,5,5000.00,2068000.00,2073000.00
209,8,10,10,0,3,3000.00,2078000.00,2081000.00
210,12,10,10,0,5,5000.00,2088000.00,2093000.00
211,11,10,10,0,6,6000.00,2098000.00,2104000.00
212,12,10,10,0,8,8000.00,2108000.00,2116000.00
213,11,10,10,0,9,9000.00,2118000.00,2127000.00
214,8,10,10,0,7,7000.00,2128000.00,2135000.00
215,10,10,10,0,7,7000.00,2138000.00,2145000.00
216,12,10,10,0,9,9000.00,2148000.00,2157000.00
217,11,10,10,0,10,10000.00,2158000.00,2168000.00
218,12,10,10,0,12,12000.00,2168000.00,2180000.00
219,10,10,10,0,12,12000.00,2178000.00,2190000.00
220,12,10,10,0,14,14000.00,2188000.00,2202000.00
221,12,10,10,0,16,16000.00,2198000.00,2214000.00
222,8,10,10,0,14,14000.00,2208000.00,2222000.00
223,12,10,10,0,16,16000.00,2218000.00,2234000.00
224,12,10,10,0,18,18000.00,2228000.00,2246000.00
225,12,10,10,0,20,20000.00,2238000.00,2258000.00
226,11,10,10,0,21,21000.00,2248000.00,2269000.00
227,11,10,10,0,22,22000.00,2258000.00,2280000.00
228,10,10,10,0,22,22000.00,2268000.00,2290000.00
229,8,10,10,0,20,20000.00,2278000.00,2298000.00
230,8,10,10,0,18,18000.00,2288000.00,2306000.00
231,12,10,10,0,20,20000.00,2298000.00,2318000.00
232,11,10,10,0,21,21000.00,2308000.00,2329000.00
233,11,10,10,0,22,22000.00,2318000.00,2340000.00
234,10,10,10,0,22,22000.00,2328000.00,2350000.00
235,12,10,10,0,24,24000.00,2338000.00,2362000.00
236,10,10,10,0,24,24000.00,2348000.00,2372000.00
237,8,10,10,0,22,22000.00,2358000.00,2380000.00
238,10,10,10,0,22,22000.00,2368000.00,2390000.00
239,9,10,10,0,21,21000.00,2378000.00,2399000.00
240,11,10,10,0,22,22000.00,2388000.00,2410000.00
241,10,10,10,0,22,22000.00,2398000.00,2420000.00
242,9,10,10,0,21,21000.00,2408000.00,2429000.00
243,9,10,10,0,20,20000.00,2418000.00,2438000.00
244,11,10,10,0,21,21000.00,2428000.00,2449000.00
245,10,10,10,0,21,21000.00,2438000.00,2459000.00
246,11,10,10,0,22,22000.00,2448000.00,2470000.00
247,9,10,10,0,21,21000.00,2458000.00,2479000.00
248,12,10,10,0,23,23000.00,2468000.00,2491000.00
249,11,10,10,0,24,24000.00,2478000.00,2502000.00
250,12,10,10,0,26,26000.00,2488000.00,2514000.00
251,8,10,10,0,24,24000.00,2498000.00,2522000.00
252,8,10,10,0,22,22000.00,2508000.00,2530000.00
253,11,10,10,0,23,23000.00,2518000.00,2541000.00
254,11,10,10,0,24,24000.00,2528000.00,2552000.00
255,8,10,10,0,22,22000.00,2538000.00,2560000.00
256,11,10,10,0,23,23000.00,2548000.00,2571000.00
257,10,10,10,0,23,23000.00,2558000.00,2581000.00
258,12,10,10,0,25,25000.00,2568000.00,2593000.00
259,11,10,10,0,26,26000.00,2578000.00,2604000.00
260,11,10,10,0,27,27000.00,2588000.00,2615000.00
261,8,10,10,0,25,25000.00,2598000.00,2623000.00
262,11,10,10,0,26,26000.00,2608000.00,2634000.00
263,9,10,10,0,25,25000.00,2618000.00,2643000.00
264,12,10,10,0,27,27000.00,2628000.00,2655000.00
265,11,10,10,0,28,28000.00,2638000.00,2666000.00
266,11,10,10,0,29,29000.00,2648000.00,2677000.00
267,10,10,10,0,29,29000.00,2658000.00,2687000.00
268,12,10,10,0,31,31000.00,2668000.00,2699000.00
269,10,10,10,0,31,31000.00,2678000.00,2709000.00
270,11,10,10,0,32,32000.00,2688000.00,2720000.00
271,10,10,10,0,32,32000.00,2698000.00,2730000.00
272,11,10,10,0,33,33000.00,2708000.00,2741000.00
273,12,10,10,0,35,35000.00,2718000.00,2753000.00
274,11,10,10,0,36,36000.00,2728000.00,2764000.00
275,10,10,10,0,36,36000.00,2738000.00,2774000.00
276,9,10,10,0,35,35000.00,2748000.00,2783000.00
277,8,10,10,0,33,33000.00,2758000.00,2791000.00
278,12,10,10,0,35,35000.00,2768000.00,2803000.00
279,10,10,10,0,35,35000.00,2778000.00,2813000.00
280,11,10,10,0,36,36000.00,2788000.00,2824000.00
281,11,10,10,0,37,37000.00,2798000.00,2835000.00
282,11,10,10,0,38,38000.00,2808000.00,2846000.00
283,9,10,10,0,37,37000.00,2818000.00,2855000.00
284,9,10,10,0,36,36000.00,2828000.00,2864000.00
285,9,10,10,0,35,35000.00,2838000.00,2873000.00
286,11,10,10,0,36,36000.00,2848000.00,2884000.00
287,12,10,10,0,38,38000.00,2858000.00,2896000.00
288,11,10,10,0,39,39000.00,2868000.00,2907000.00
289,8,10,10,0,37,37000.00,2878000.00,2915000.00
290,10,10,10,0,37,37000.00,2888000.00,2925000.00
291,12,10,10,0,39,39000.00,2898000.00,2937000.00
292,12,10,10,0,41,41000.00,2908000.00,2949000.00
293,8,10,10,0,39,39000.00,2918000.00,2957000.00
294,8,10,10,0,37,37000.00,2928000.00,2965000.00
295,12,10,10,0,39,39000.00,2938000.00,2977000.00
296,12,10,10,0,41,41000.00,2948000.00,2989000.00
297,8,10,10,0,39,39000.00,2958000.00,2997000.00
298,10,10,10,0,39,39000.00,2968000.00,3007000.00
299,11,10,10,0,40,40000.00,2978000.00,3018000.00
300,12,10,10,0,42,42000.00,2988000.00,3030000.00
301,10,10,10,0,42,42000.00,2998000.00,3040000.00
302,11,10,10,0,43,43000.00,3008000.00,3051000.00
303,9,10,10,0,42,42000.00,3018000.00,3060000.00
304,8,10,10,0,40,40000.00,3028000.00,3068000.00
305,10,10,10,0,40,40000.00,3038000.00,3078000.00
306,12,10,10,0,42,42000.00,3048000.00,3090000.00
307,12,10,10,0,44,44000.00,3058000.00,3102000.00
308,12,10,10,0,46,46000.00,3068000.00,3114000.00
309,12,10,10,0,48,48000.00,3078000.00,3126000.00
310,11,10,10,0,49,49000.00,3088000.00,3137000.00
311,11,10,10,0,50,50000.00,3098000.00,3148000.00
312,12,10,10,0,52,52000.00,3108000.00,3160000.00
313,12,10,10,0,54,54000.00,3118000.00,3172000.00
314,9,10,10,0,53,53000.00,3128000.00,3181000.00
315,9,10,10,0,52,52000.00,3138000.00,3190000.00
316,11,10,10,0,53,53000.00,3148000.00,3201000.00
317,12,10,10,0,55,55000.00,3158000.00,3213000.00
318,12,10,10,0,57,57000.00,3168000.00,3225000.00
319,11,10,10,0,58,58000.00,3178000.00,3236000.00
320,10,10,10,0,58,58000.00,3188000.00,3246000.00
321,9,10,10,0,57,57000.00,3198000.00,3255000.00
322,8,10,10,0,55,55000.00,3208000.00,3263000.00
323,9,10,10,0,54,54000.00,3218000.00,3272000.00
324,11,10,10,0,55,55000.00,3228000.00,3283000.00
325,8,10,10,0,53,53000.00,3238000.00,3291000.00
326,9,10,10,0,52,52000.00,3248000.00,3300000.00
327,9,10,10,0,51,51000.00,3258000.00,3309000.00
328,10,10,10,0,51,51000.00,3268000.00,3319000.00
329,9,10,10,0,50,50000.00,3278000.00,3328000.00
330,9,10,10,0,49,49000.00,3288000.00,3337000.00
331,9,10,10,0,48,48000.00,3298000.00,3346000.00
332,10,10,10,0,48,48000.00,3308000.00,3356000.00
333,10,10,10,0,48,48000.00,3318000.00,3366000.00
334,8,10,10,0,46,46000.00,3328000.00,3374000.00
335,8,10,10,0,44,44000.00,3338000.00,3382000.00
336,8,10,10,0,42,42000.00,3348000.00,3390000.00
337,9,10,10,0,41,41000.00,3358000.00,3399000.00
338,10,10,10,0,41,41000.00,3368000.00,3409000.00
339,10,10,10,0,41,41000.00,3378000.00,3419000.00
340,8,10,10,0,39,39000.00,3388000.00,3427000.00
341,11,10,10,0,40,40000.00,3398000.00,3438000.00
342,10,10,10,0,40,40000.00,3408000.00,3448000.00
343,11,10,10,0,41,41000.00,3418000.00,3459000.00
344,12,10,10,0,43,43000.00,3428000.00,3471000.00
345,10,10,10,0,43,43000.00,3438000.00,3481000.00
346,8,10,10,0,41,41000.00,3448000.00,3489000.00
347,10,10,10,0,41,41000.00,3458000.00,3499000.00
348,9,10,10,0,40,40000.00,3468000.00,3508000.00
349,12,10,10,0,42,42000.00,3478000.00,3520000.00
350,11,10,10,0,43,43000.00,3488000.00,3531000.00
351,12,10,10,0,45,45000.00,3498000.00,3543000.00
352,8,10,10,0,43,43000.00,3508000.00,3551000.00
353,10,10,10,0,43,43000.00,3518000.00,3561000.00
354,11,10,10,0,44,44000.00,3528000.00,3572000.00
355,10,10,10,0,44,44000.00,3538000.00,3582000.00
356,11,10,10,0,45,45000.00,3548000.00,3593000.00
357,8,10,10,0,43,43000.00,3558000.00,3601000.00
358,11,10,10,0,44,44000.00,3568000.00,3612000.00
359,11,10,10,0,45,45000.00,3578000.00,3623000.00
360,11,10,10,0,46,46000.00,3588000.00,3634000.00
361,9,10,10,0,45,45000.00,3598000.00,3643000.00
362,9,10,10,0,44,44000.00,3608000.00,3652000.00
363,10,10,10,0,44,44000.00,3618000.00,3662000.00
364,8,10,10,0,42,42000.00,3628000.00,3670000.00
365,9,10,10,0,41,41000.00,3638000.00,3679000.00
366,10,10,10,0,41,41000.00,3648000.00,3689000.00
367,8,10,10,0,39,39000.00,3658000.00,3697000.00
368,10,10,10,0,39,39000.00,3668000.00,3707000.00
369,8,10,10,0,37,37000.00,3678000.00,3715000.00
370,9,10,10,0,36,36000.00,3688000.00,3724000.00
371,9,10,10,0,35,35000.00,3698000.00,3733000.00
372,12,10,10,0,37,37000.00,3708000.00,3745000.00
373,9,10,10,0,36,36000.00,3718000.00,3754000.00
374,9,10,10,0,35,35000.00,3728000.00,3763000.00
375,8,10,10,0,33,33000.00,3738000.00,3771000.00
376,11,10,10,0,34,34000.00,3748000.00,3782000.00
377,9,10,10,0,33,33000.00,3758000.00,3791000.00
378,10,10,10,0,33,33000.00,3768000.00,3801000.00
379,8,10,10,0,31,31000.00,3778000.00,3809000.00
380,9,10,10,0,30,30000.00,3788000.00,3818000.00
381,11,10,10,0,31,31000.00,3798000.00,3829000.00
382,9,10,10,0,30,30000.00,3808000.00,3838000.00
383,10,10,10,0,30,30000.00,3818000.00,3848000.00
384,9,10,10,0,29,29000.00,3828000.00,3857000.00
385,12,10,10,0,31,31000.00,3838000.00,3869000.00
386,8,10,10,0,29,29000.00,3848000.00,3877000.00
387,9,10,10,0,28,28000.00,3858000.00,3886000.00
388,11,10,10,0,29,29000.00,3868000.00,3897000.00
389,8,10,10,0,27,27000.00,3878000.00,3905000.00
390,8,10,10,0,25,25000.00,3888000.00,3913000.00
391,12,10,10,0,27,27000.00,3898000.00,3925000.00
392,8,10,10,0,25,25000.00,3908000.00,3933000.00
393,10,10,10,0,25,25000.00,3918000.00,3943000.00
394,11,10,10,0,26,26000.00,3928000.00,3954000.00
395,9,10,10,0,25,25000.00,3938000.00,3963000.00
396,9,10,10,0,24,24000.00,3948000.00,3972000.00
397,11,10,10,0,25,25000.00,3958000.00,3983000.00
398,11,10,10,0,26,26000.00,3968000.00,3994000.00
399,9,10,10,0,25,25000.00,3978000.00,4003000.00
400,8,10,10,0,23,23000.00,3988000.00,4011000.00
401,9,10,10,0,22,22000.00,3998000.00,4020000.00
402,11,10,10,0,23,23000.00,4008000.00,4031000.00
403,8,10,10,0,21,21000.00,4018000.00,4039000.00
404,12,10,10,0,23,23000.00,4028000.00,4051000.00
405,12,10,10,0,25,25000.00,4038000.00,4063000.00
406,11,10,10,0,26,26000.00,4048000.00,4074000.00
407,12,10,10,0,28,28000.00,4058000.00,4086000.00
408,10,10,10,0,28,28000.00,4068000.00,4096000.00
409,9,10,10,0,27,27000.00,4078000.00,4105000.00
410,9,10,10,0,26,26000.00,4088000.00,4114000.00
411,12,10,10,0,28,28000.00,4098000.00,4126000.00
412,9,10,10,0,27,27000.00,4108000.00,4135000.00
413,8,10,10,0,25,25000.00,4118000.00,4143000.00
414,10,10,10,0,25,25000.00,4128000.00,4153000.00
415,9,10,10,0,24,24000.00,4138000.00,4162000.00
416,8,10,10,0,22,22000.00,4148000.00,4170000.00
417,12,10,10,0,24,24000.00,4158000.00,4182000.00
418,9,10,10,0,23,23000.00,4168000.00,4191000.00
419,9,10,10,0,22,22000.00,4178000.00,4200000.00
420,10,10,10,0,22,22000.00,4188000.00,4210000.00
421,8,10,10,0,20,20000.00,4198000.00,4218000.00
422,9,10,10,0,19,19000.00,4208000.00,4227000.00
423,12,10,10,0,21,21000.00,4218000.00,4239000.00
424,12,10,10,0,23,23000.00,4228000.00,4251000.00
425,11,10,10,0,24,24000.00,4238000.00,4262000.00
426,12,10,10,0,26,26000.00,4248000.00,4274000.00
427,9,10,10,0,25,25000.00,4258000.00,4283000.00
428,9,10,10,0,24,24000.00,4268000.00,4292000.00
429,11,10,10,0,25,25000.00,4278000.00,4303000.00
430,9,10,10,0,24,24000.00,4288000.00,4312000.00
431,8,10,10,0,22,22000.00,4298000.00,4320000.00
432,12,10,10,0,24,24000.00,4308000.00,4332000.00
433,10,10,10,0,24,24000.00,4318000.00,4342000.00
434,11,10,10,0,25,25000.00,4328000.00,4353000.00
435,8,10,10,0,23,23000.00,4338000.00,4361000.00
436,10,10,10,0,23,23000.00,4348000.00,4371000.00
437,10,10,10,0,23,23000.00,4358000.00,4381000.00
438,11,10,10,0,24,24000.00,4368000.00,4392000.00
439,11,10,10,0,25,25000.00,4378000.00,4403000.00
440,9,10,10,0,24,24000.00,4388000.00,4412000.00
441,12,10,10,0,26,26000.00,4398000.00,4424000.00
442,8,10,10,0,24,24000.00,4408000.00,4432000.00
443,9,10,10,0,23,23000.00,4418000.00,4441000.00
444,10,10,10,0,23,23000.00,4428000.00,4451000.00
445,8,10,10,0,21,21000.00,4438000.00,4459000.00
446,10,10,10,0,21,21000.00,4448000.00,4469000.00
447,9,10,10,0,20,20000.00,4458000.00,4478000.00
448,12,10,10,0,22,22000.00,4468000.00,4490000.00
449,11,10,10,0,23,23000.00,4478000.00,4501000.00
450,11,10,10,0,24,24000.00,4488000.00,4512000.00
451,10,10,10,0,24,24000.00,4498000.00,4522000.00
452,11,10,10,0,25,25000.00,4508000.00,4533000.00
453,11,10,10,0,26,26000.00,4518000.00,4544000.00
454,12,10,10,0,28,28000.00,4528000.00,4556000.00
455,9,10,10,0,27,27000.00,4538000.00,4565000.00
456,9,10,10,0,26,26000.00,4548000.00,4574000.00
457,9,10,10,0,25,25000.00,4558000.00,4583000.00
458,11,10,10,0,26,26000.00,4568000.00,4594000.00
459,8,10,10,0,24,24000.00,4578000.00,4602000.00
460,11,10,10,0,25,25000.00,4588000.00,4613000.00
461,10,10,10,0,25,25000.00,4598000.00,4623000.00
462,9,10,10,0,24,24000.00,4608000.00,4632000.00
463,11,10,10,0,25,25000.00,4618000.00,4643000.00
464,10,10,10,0,25,25000.00,4628000.00,4653000.00
465,10,10,10,0,25,25000.00,4638000.00,4663000.00
466,11,10,10,0,26,26000.00,4648000.00,4674000.00
467,8,10,10,0,24,24000.00,4658000.00,4682000.00
468,8,10,10,0,22,22000.00,4668000.00,4690000.00
469,11,10,10,0,23,23000.00,4678000.00,4701000.00
470,12,10,10,0,25,25000.00,4688000.00,4713000.00
471,11,10,10,0,26,26000.00,4698000.00,4724000.00
472,10,10,10,0,26,26000.00,4708000.00,4734000.00
473,12,10,10,0,28,28000.00,4718000.00,4746000.00
474,8,10,10,0,26,26000.00,4728000.00,4754000.00
475,8,10,10,0,24,24000.00,4738000.00,4762000.00
476,10,10,10,0,24,24000.00,4748000.00,4772000.00
477,10,10,10,0,24,24000.00,4758000.00,4782000.00
478,9,10,10,0,23,23000.00,4768000.00,4791000.00
479,10,10,10,0,23,23000.00,4778000.00,4801000.00
480,12,10,10,0,25,25000.00,4788000.00,4813000.00
481,8,10,10,0,23,23000.00,4798000.00,4821000.00
482,12,10,10,0,25,25000.00,4808000.00,4833000.00
483,11,10,10,0,26,26000.00,4818000.00,4844000.00
484,11,10,10,0,27,27000.00,4828000.00,4855000.00
485,12,10,10,0,29,29000.00,4838000.00,4867000.00
486,12,10,10,0,31,31000.00,4848000.00,4879000.00
487,11,10,10,0,32,32000.00,4858000.00,4890000.00
488,8,10,10,0,30,30000.00,4868000.00,4898000.00
489,11,10,10,0,31,31000.00,4878000.00,4909000.00
490,12,10,10,0,33,33000.00,4888000.00,4921000.00
491,12,10,10,0,35,35000.00,4898000.00,4933000.00
492,9,10,10,0,34,34000.00,4908000.00,4942000.00
493,11,10,10,0,35,35000.00,4918000.00,4953000.00
494,11,10,10,0,36,36000.00,4928000.00,4964000.00
495,8,10,10,0,34,34000.00,4938000.00,4972000.00
496,9,10,10,0,33,33000.00,4948000.00,4981000.00
497,8,10,10,0,31,31000.00,4958000.00,4989000.00
498,9,10,10,0,30,30000.00,4968000.00,4998000.00
499,8,10,10,0,28,28000.00,4978000.00,5006000.00
500,11,10,10,0,29,29000.00,4988000.00,5017000.00
