working_day,mean_backlog,mean_standard_error,p10,p90
0,0.0,0.0,0.0,0.0
1,1.1141,0.016623951232346577,0.0,4.0
2,1.9154,0.023745750568617153,0.0,5.0
3,2.599,0.029192209894283335,0.0,7.0
4,3.1799,0.03377702899558761,0.0,8.0
5,3.6869,0.03837856342299685,0.0,9.0
6,4.1633,0.042008329899890125,0.0,10.0
7,4.5542,0.04515805754254837,0.0,11.0
8,4.9737,0.04824617705435445,0.0,12.0
9,5.3521,0.050932818243225285,0.0,13.0
10,5.7206,0.05393574390371449,0.0,13.0
11,6.0749,0.057083052182628685,0.0,14.0
12,6.387,0.05913656071569642,0.0,15.0
13,6.6964,0.06126400274062327,0.0,15.0
14,6.9896,0.0636910891686123,0.0,16.0
15,7.3097,0.06560250726836583,0.0,17.0
16,7.5964,0.06805258128375231,0.0,17.0
17,7.8644,0.07037212862809314,0.0,18.0
18,8.1325,0.07272030802547393,0.0,18.0
19,8.4736,0.07485058827461988,0.0,19.0
20,8.7064,0.07678391420700059,0.0,20.0
21,8.9437,0.07843741628730008,0.0,20.0
22,9.2001,0.08031706594558922,0.0,21.0
23,9.4369,0.0821413206532229,0.0,21.0
24,9.6408,0.08365570729924021,0.0,21.0
25,9.8653,0.0849658608545282,0.0,22.0
26,10.0905,0.0864422246406231,0.0,22.0
27,10.312,0.08823550391092644,0.0,23.0
28,10.5535,0.0896859974177307,0.0,23.0
29,10.7288,0.09165601528821651,0.0,23.0
30,10.9931,0.09309893651486091,0.0,24.0
31,11.1489,0.09433166342894658,0.0,24.0
32,11.3192,0.09606588364971237,0.0,25.0
33,11.5106,0.09735387276145888,0.0,25.0
34,11.6655,0.09814236683215315,0.0,25.0
35,11.8346,0.09958100181054894,0.0,26.0
36,12.0142,0.10093422911906873,0.0,26.0
37,12.212,0.10247573238367796,0.0,26.0
38,12.3801,0.10421059631265045,0.0,27.0
39,12.5647,0.10554721887639375,0.0,27.0
40,12.7075,0.1069672780566916,0.0,28.0
41,12.883,0.10873294526195215,0.0,28.0
42,13.0224,0.11034830084215114,0.0,28.0
43,13.1777,0.1117970577842491,0.0,29.0
44,13.3693,0.1130572861251962,0.0,29.0
45,13.5719,0.11432948072136172,1.0,30.0
46,13.7808,0.1156822085427881,1.0,30.0
47,13.895,0.11686694694535618,1.0,30.0
48,14.0738,0.11875439198851234,1.0,30.0
49,14.2197,0.11985082232909867,1.0,31.0
50,14.4337,0.12123634049255129,1.0,31.0
51,14.6383,0.12254798697616928,1.0,32.0
52,14.809,0.12420770771359392,1.0,32.0
53,14.9197,0.12550179385581042,1.0,33.0
54,15.1355,0.12678091857662066,1.0,33.0
55,15.2701,0.12780605634242914,1.0,33.0
56,15.4615,0.1290488943645525,1.0,34.0
57,15.5982,0.1301361948841363,1.0,34.0
58,15.783,0.1312972010192899,1.0,34.0
59,15.9026,0.13240477493822927,1.0,34.0
60,16.0449,0.13360274461378716,1.0,35.0
61,16.2221,0.13477912932041825,1.0,35.0
62,16.2976,0.13556430648263962,1.0,35.0
63,16.4164,0.13663655462139487,1.0,36.0
64,16.5495,0.1375816406566838,1.0,36.0
65,16.6933,0.13872450381888515,1.0,36.0
66,16.8458,0.13996943016293986,1.0,37.0
67,16.9651,0.14105452079527278,1.0,37.0
68,17.1282,0.14186024428602484,1.0,37.0
69,17.2791,0.14318180897740515,1.0,37.0
70,17.4331,0.1442231343101613,1.0,38.0
71,17.5939,0.14505654903947682,1.0,38.0
72,17.7547,0.1460556264428101,1.0,38.0
73,17.8475,0.1465649088364944,1.0,38.0
74,17.9959,0.14762583668777635,1.0,39.0
75,18.1589,0.14894792253456712,1.0,39.0
76,18.2614,0.1500613835931306,1.0,40.0
77,18.4422,0.1510933778723725,1.0,40.0
78,18.6105,0.15220129926695608,1.0,40.0
79,18.7181,0.1527314503584417,1.0,40.0
80,18.8458,0.15407873396944338,1.0,41.0
81,18.9621,0.1550258999714757,1.0,41.0
82,19.052,0.1559606423819702,1.0,41.0
83,19.2236,0.1566675294229073,2.0,41.0
84,19.3238,0.1571172935751948,2.0,41.0
85,19.408,0.1587478304965737,2.0,42.0
86,19.5429,0.15992446198864488,2.0,42.0
87,19.6588,0.16088538363278082,2.0,42.0
88,19.7754,0.1616513798297439,2.0,43.0
89,19.8705,0.1627430536310249,2.0,43.0
90,19.9657,0.1637807521184256,2.0,43.0
91,20.0892,0.16468896921669657,2.0,43.0
92,20.2265,0.1655032292944486,2.0,43.0
93,20.3181,0.16659881979076427,2.0,44.0
94,20.4812,0.16760296456618215,2.0,44.0
95,20.5699,0.16832874043218524,2.0,44.0
96,20.6784,0.16921584070078677,2.0,44.0
97,20.869,0.17000839445574034,2.0,44.0
98,20.9996,0.17062318485809883,2.0,45.0
99,21.1122,0.17162565849157108,2.0,45.0
100,21.2255,0.17225583352159163,2.0,45.0
101,21.3413,0.17263644390793234,2.0,45.0
102,21.4224,0.17317302536385729,2.0,46.0
103,21.5452,0.17379814807881933,2.0,46.0
104,21.6747,0.17448292873585625,2.0,46.0
105,21.7399,0.17554254845373482,2.0,46.0
106,21.8255,0.17588228572782266,2.0,46.0
107,21.9517,0.17652062957135206,2.0,47.0
108,22.0473,0.17745612229093152,2.0,47.0
109,22.1518,0.17842068005112888,2.0,47.0
110,22.2821,0.17933947759437363,2.0,47.0
111,22.4103,0.18070932731073416,2.0,48.0
112,22.5095,0.18123960868026448,2.0,48.0
113,22.6605,0.18173966794755622,2.0,48.0
114,22.7915,0.18285411217042277,2.0,48.0
115,22.8808,0.18377479820052844,2.0,49.0
116,23.0103,0.18424297527556877,2.0,49.0
117,23.1499,0.1855794896363718,2.0,49.0
118,23.2937,0.1865347784016573,2.0,50.0
119,23.4125,0.18763628410440775,2.0,50.0
120,23.5686,0.18859248690393596,2.0,50.0
121,23.6472,0.18935844020768675,2.0,50.0
122,23.7298,0.18998344287557387,2.0,50.0
123,23.8479,0.19133017870353966,2.0,51.0
124,23.9204,0.1922190448423888,2.0,51.0
125,23.998,0.19282836377926355,2.0,51.0
126,24.1523,0.1938888592982485,2.0,51.0
127,24.2485,0.1948467379766183,2.0,52.0
128,24.3079,0.1950437232119936,2.0,51.0
129,24.3774,0.1953528940131669,3.0,52.0
130,24.4897,0.1960734399922309,2.0,52.0
131,24.6114,0.1964941729415901,2.0,52.0
132,24.7009,0.19749623893998522,2.0,52.0
133,24.8038,0.19872870921431285,2.0,53.0
134,24.9469,0.19983203277536032,2.0,53.0
135,25.0213,0.2006049073773779,3.0,53.0
136,25.1615,0.20129275608517447,3.0,53.100000000000364
137,25.2448,0.20228069370037527,3.0,54.0
138,25.3886,0.2026876099585827,3.0,54.0
139,25.5135,0.20362776873948654,3.0,54.0
140,25.5968,0.2044482401105218,3.0,55.0
141,25.7109,0.20542938505049618,3.0,55.0
142,25.7685,0.20666582168124548,3.0,55.0
143,25.8846,0.20752786575664112,3.0,55.0
144,25.954,0.20807070370855563,3.0,55.0
145,26.1131,0.20884169201630404,3.0,56.0
146,26.2111,0.20953759633876717,3.0,56.0
147,26.2823,0.2100027875721614,3.0,56.0
148,26.3533,0.21078370641035968,3.0,56.0
149,26.4311,0.2115003038221253,3.0,57.0
150,26.5397,0.21256523890109272,3.0,57.0
151,26.6033,0.21345765230586675,3.0,57.0
152,26.6726,0.21349870981790417,3.0,57.0
153,26.7726,0.2145161780450734,3.0,57.0
154,26.8472,0.21470285267665745,3.0,57.0
155,26.9191,0.21529182654262033,3.0,57.0
156,26.997,0.21616302122512568,3.0,58.0
157,27.0849,0.21681445996520776,3.0,58.0
158,27.1599,0.21746995773497374,3.0,58.0
159,27.2049,0.21857316628969506,3.0,58.0
160,27.3486,0.2189103468957057,3.0,59.0
161,27.4637,0.21955097015009678,3.0,58.0
162,27.5622,0.2197839475811672,3.0,59.0
163,27.658,0.22078672577360134,3.0,59.0
164,27.7571,0.2211106486601109,3.0,59.0
165,27.8414,0.22189467845992347,3.0,59.0
166,27.9791,0.22182913950992497,3.0,59.0
167,28.0657,0.2219112498529108,3.0,60.0
168,28.1587,0.22288552942468634,3.0,60.0
169,28.2455,0.22347464524349775,3.0,60.0
170,28.3255,0.22424906630658217,3.0,60.0
171,28.4276,0.2251404553750052,3.0,60.0
172,28.5276,0.22577125833486625,3.0,61.0
173,28.5958,0.22652790937403758,3.0,61.0
174,28.6423,0.22747248062995137,3.0,61.0
175,28.756,0.22867438771659432,3.0,61.0
176,28.8452,0.22927415981753418,3.0,61.0
177,28.9532,0.22967367279598425,3.0,62.0
178,29.0301,0.23036954315108799,3.0,61.0
179,29.1549,0.23107464194068186,3.0,62.0
180,29.2166,0.23146871542526526,3.0,62.0
181,29.2637,0.23244663769333815,3.0,62.0
182,29.3669,0.2335837849197964,3.0,62.0
183,29.4266,0.23455498896481594,3.0,62.0
184,29.5014,0.23559407942693672,3.0,62.100000000000364
185,29.5453,0.2362486320227359,3.0,62.0
186,29.6655,0.23666909853468351,3.0,63.0
187,29.7702,0.23722320013158196,3.0,63.0
188,29.8551,0.2379149233446169,3.0,63.0
189,29.9383,0.2388139286562928,3.0,63.0
190,30.005,0.23901851494193693,3.0,64.0
191,30.1291,0.23979339733683402,3.900000000000091,64.0
192,30.1931,0.24013097994168311,4.0,64.0
193,30.3326,0.24075401133397112,4.0,64.0
194,30.4027,0.24161289483406065,4.0,65.0
195,30.5269,0.24227562276617648,4.0,65.0
196,30.6047,0.24290282824495307,4.0,65.0
197,30.6781,0.2438016652203111,4.0,65.0
198,30.7433,0.2444943317519363,4.0,65.0
199,30.8266,0.24525274337877248,4.0,65.0
200,30.9825,0.24609115274740437,4.0,65.0
201,31.0406,0.2466007630921579,4.0,66.0
202,31.159,0.2475945520527901,4.0,66.0
203,31.2464,0.2484072449022609,3.0,66.0
204,31.3229,0.2491574432003788,4.0,67.0
205,31.3948,0.2496852970656419,4.0,66.0
206,31.4831,0.2505517692172742,4.0,67.0
207,31.5926,0.25110350021610955,4.0,67.0
208,31.6802,0.2515742072514104,4.0,67.0
209,31.7658,0.2521513693544152,4.0,67.0
210,31.8438,0.25258182815474106,4.0,67.0
211,31.9044,0.25303519270029656,4.0,67.0
212,32.011,0.2538312252838354,4.0,68.0
213,32.0749,0.2545532728838375,4.0,68.0
214,32.1039,0.25522449810596703,4.0,68.0
215,32.2251,0.25594849865235675,4.0,68.0
216,32.2176,0.25631062119516945,4.0,68.0
217,32.3178,0.2568878343790292,4.0,69.0
218,32.4282,0.2575218364054239,4.0,68.0
219,32.4632,0.2579060994463168,4.0,68.0
220,32.5981,0.2583927133617191,4.0,69.0
221,32.6443,0.2588304794121211,4.0,69.0
222,32.6878,0.25962425462841254,4.0,69.0
223,32.7475,0.26023540616461394,4.0,69.0
224,32.8261,0.2608063033590007,4.0,69.10000000000036
225,32.8618,0.2608584957241734,4.0,69.0
226,32.9113,0.26105669554874394,4.0,70.0
227,33.0022,0.26223012027530007,4.0,70.0
228,33.0654,0.2630371668398103,4.0,70.0
229,33.109,0.26388144163908805,4.0,70.0
230,33.1704,0.2641717150898353,4.0,70.0
231,33.2722,0.2648597473844961,4.0,70.0
232,33.3186,0.26542135229371516,4.0,70.10000000000036
233,33.39,0.26666109730157694,4.0,71.0
234,33.4594,0.26699060575674993,4.0,70.0
235,33.574,0.26718789519200636,4.0,71.0
236,33.619,0.2676757907112488,4.0,71.0
237,33.7174,0.26862447698406616,4.0,71.0
238,33.7854,0.26934277275791846,4.0,71.0
239,33.8565,0.2696809291651048,4.0,71.0
240,33.9156,0.2703922315080184,4.0,72.0
241,33.9399,0.2705523769214865,4.0,72.0
242,33.9985,0.2707527663405292,4.0,72.0
243,34.0791,0.2713809298383156,4.0,72.0
244,34.1383,0.27187752582717173,4.0,72.0
245,34.1971,0.2723520565798461,4.0,73.0
246,34.267,0.27244965403060356,4.0,72.0
247,34.3386,0.2726337982033622,4.0,72.0
248,34.4317,0.27322752211094037,4.0,73.0
249,34.455,0.27423832366359213,4.0,73.0
250,34.5197,0.27467330728262157,4.0,73.0
251,34.5667,0.27513361292560523,4.0,73.0
252,34.5753,0.27619663547759765,4.0,73.0
253,34.5884,0.2766974786539799,4.0,73.0
254,34.6628,0.27733478158014674,4.0,74.0
255,34.7529,0.27780612265243354,4.0,74.0
256,34.7935,0.27843038290174266,4.0,74.0
257,34.862,0.2787126543133039,4.0,74.0
258,34.963,0.2793713799529081,4.0,75.0
259,35.0549,0.279598938044505,4.0,74.0
260,35.1552,0.2800580556732015,4.0,75.0
261,35.1852,0.2804719532282221,4.0,74.0
262,35.2418,0.28077802069551483,4.0,75.0
263,35.3071,0.2815132748759692,4.0,75.0
264,35.338,0.2823168536956111,4.0,75.0
265,35.4257,0.28296348666299453,4.0,75.0
266,35.4991,0.28360638775831026,4.0,76.0
267,35.5776,0.2841696202293729,4.0,76.0
268,35.683,0.28491565206720076,4.0,76.0
269,35.7677,0.285092969873246,4.0,76.0
270,35.8821,0.2855962823333805,4.0,76.0
271,35.9684,0.285786786875734,4.0,76.0
272,36.0566,0.2866962837567187,4.0,76.0
273,36.1365,0.2868021135212086,4.0,76.0
274,36.2223,0.287017222757827,4.0,76.0
275,36.2915,0.28755719724807627,4.0,77.0
276,36.3246,0.2885085218857838,4.0,77.0
277,36.4146,0.288959790386217,4.0,77.0
278,36.4571,0.29000701089047903,4.0,77.0
279,36.5224,0.2906171978042011,4.0,77.0
280,36.5917,0.2912644547644982,4.0,77.0
281,36.6515,0.2916823831434871,5.0,78.0
282,36.7514,0.29230409503186494,5.0,78.0
283,36.7959,0.29285395790917046,4.900000000000091,78.0
284,36.868,0.2929683270322321,4.0,78.0
285,36.9088,0.2937088264650437,4.0,78.0
286,37.007,0.2941720054948823,5.0,78.0
287,37.0531,0.29443647417181706,4.0,79.0
288,37.0959,0.29450117726987446,4.0,79.0
289,37.1933,0.2948660172142782,5.0,79.0
290,37.2678,0.2953576339443287,5.0,79.10000000000036
291,37.3407,0.2958355188553615,5.0,80.0
292,37.432,0.29648728146550757,5.0,80.0
293,37.4648,0.29676216550343504,5.0,80.0
294,37.4913,0.2970262191936741,5.0,80.0
295,37.5573,0.29769023097569075,5.0,80.0
296,37.6279,0.2981367349225364,5.0,80.0
297,37.6848,0.2986715007538156,5.0,80.0
298,37.7967,0.2994448256880776,5.0,80.0
299,37.8494,0.29965718981386213,4.0,80.0
300,37.8963,0.3003912417511736,5.0,81.0
301,38.0144,0.3009545092296562,5.0,81.0
302,38.0525,0.3014252147565134,4.0,81.0
303,38.1013,0.30198060046848313,5.0,81.0
304,38.1182,0.30273415346268334,5.0,81.0
305,38.1579,0.3037370612540401,4.0,81.0
306,38.2295,0.30405592902589107,4.0,81.0
307,38.3169,0.3045634963867689,5.0,82.0
308,38.3377,0.3045890400512324,4.0,81.0
309,38.4009,0.3049930818838349,5.0,81.0
310,38.4682,0.3055596104585062,5.0,81.0
311,38.5088,0.3058561214896727,5.0,82.0
312,38.57,0.3062229698287243,4.0,82.0
313,38.6386,0.30715385941468515,4.0,82.0
314,38.6907,0.3078340454383712,4.0,82.0
315,38.7844,0.3082749665631337,4.0,82.0
316,38.8738,0.3088295726229814,5.0,83.0
317,38.932,0.3091040150648535,5.0,83.0
318,38.9993,0.3091893752346234,5.0,83.0
319,39.02,0.30959858709062543,5.0,83.0
320,39.0493,0.31029127448012944,5.0,83.0
321,39.0881,0.3102524447880298,5.0,83.0
322,39.1316,0.31080879710013926,5.0,83.0
323,39.1793,0.31157198664399605,5.0,83.0
324,39.2373,0.31174809952709487,5.0,83.0
325,39.253,0.3123221311584582,4.0,83.0
326,39.3171,0.31255102555160086,4.0,83.0
327,39.3443,0.3132955013371921,4.0,84.0
328,39.4652,0.3138995256243943,4.0,84.0
329,39.5207,0.31471234729058917,4.0,84.0
330,39.6259,0.31554665564411905,4.0,84.0
331,39.6923,0.31617491793131286,4.0,85.0
332,39.7758,0.3164117650728371,4.0,84.0
333,39.8299,0.3165478113187405,5.0,85.0
334,39.855,0.3167461922660319,5.0,84.0
335,39.9724,0.31768678964293023,5.0,85.0
336,39.9959,0.31828022016590046,4.0,85.0
337,40.0855,0.3189817454187475,4.0,85.0
338,40.1498,0.31931265564209155,5.0,85.0
339,40.2217,0.31943374696933646,5.0,85.0
340,40.3461,0.3199015241875509,5.0,86.0
341,40.4154,0.3201154349186666,5.0,86.0
342,40.5351,0.32014072812995786,5.0,86.0
343,40.5968,0.3207835924534155,5.0,86.0
344,40.6356,0.3211501751634263,5.0,86.0
345,40.6744,0.3212464138163075,5.0,86.0
346,40.725,0.32191430596051135,5.0,86.0
347,40.732,0.3226043783932511,5.0,86.0
348,40.8105,0.3230657148640367,5.0,86.0
349,40.8559,0.32347373470608765,5.0,87.0
350,40.9512,0.32391896240483026,5.0,87.0
351,41.0094,0.3244992775679398,5.0,87.0
352,41.1174,0.32463062121128144,5.0,87.0
353,41.1851,0.3253106000388686,5.0,87.0
354,41.2449,0.3259691058747734,5.0,87.0
355,41.3789,0.3264407600713849,5.0,87.0
356,41.4399,0.32697166520355453,5.0,87.0
357,41.5098,0.3273949436703616,5.0,87.0
358,41.584,0.32821963258269854,5.0,87.0
359,41.6529,0.32874167558727085,5.0,88.0
360,41.7193,0.3295024247798418,5.0,88.0
361,41.7832,0.329969858906505,5.0,88.0
362,41.8141,0.3307362888590793,5.0,88.0
363,41.9085,0.33108200540716703,5.0,88.0
364,41.9787,0.33146769331892734,5.0,88.10000000000036
365,42.0831,0.33231476456708153,5.0,89.0
366,42.1373,0.3326527779202605,5.0,89.0
367,42.1761,0.33330721301649807,5.0,89.0
368,42.2074,0.3345228976929816,5.0,89.0
369,42.2411,0.33466869795775417,5.0,89.0
370,42.3422,0.3350009738511932,5.0,89.0
371,42.4445,0.33564045856651825,5.0,90.0
372,42.5234,0.3359843356339396,5.0,90.0
373,42.5666,0.3360424212728054,5.0,90.0
374,42.6491,0.33672673699684535,5.0,90.0
375,42.6887,0.3372379459287133,5.0,90.0
376,42.7672,0.3375059280088923,5.0,90.0
377,42.8465,0.33810969461338786,5.0,90.0
378,42.9308,0.33864723434709015,5.0,91.0
379,43.0171,0.3390660368375659,5.0,90.0
380,43.1031,0.33948327194162803,5.0,91.0
381,43.1575,0.3398419906851772,5.0,91.0
382,43.1462,0.3401553367526533,5.0,91.0
383,43.2501,0.34065950726346933,5.0,91.0
384,43.294,0.3409263842531821,5.0,91.0
385,43.2829,0.3415750490161838,5.0,91.0
386,43.393,0.34213658214824727,5.0,92.0
387,43.4746,0.34266475949204384,5.0,91.0
388,43.5534,0.34299962057992595,5.0,91.0
389,43.6435,0.3437198788410576,5.0,91.0
390,43.7192,0.3438482780236503,5.0,91.0
391,43.7445,0.3443900440274675,5.0,91.0
392,43.8317,0.3444327233308253,5.0,92.0
393,43.8908,0.3445788168069814,5.0,92.0
394,43.9704,0.34471613728621625,6.0,92.0
395,44.0145,0.34561144903253804,5.0,92.0
396,44.1011,0.345934610807438,5.0,92.0
397,44.1229,0.34616282646934143,5.0,93.0
398,44.1848,0.34645407767667147,5.0,93.0
399,44.2445,0.3465181084084133,5.0,93.0
400,44.2599,0.34643238407902094,5.0,93.0
401,44.2648,0.34637255302716385,5.0,93.0
402,44.3081,0.34669839546317843,5.0,93.0
403,44.3535,0.3467771895856497,6.0,93.0
404,44.433,0.34743114704959055,6.0,93.0
405,44.4714,0.34773888254989005,6.0,93.0
406,44.5275,0.3483026210733787,5.0,93.0
407,44.6077,0.34939434413248804,5.0,94.0
408,44.6705,0.3494510045420647,6.0,94.0
409,44.712,0.3498044624017704,6.0,94.0
410,44.7632,0.3498585895462191,6.0,94.0
411,44.8097,0.3498567829381851,6.0,94.0
412,44.9328,0.3499030317518889,6.0,94.0
413,45.0044,0.3504756216631041,6.0,94.0
414,45.1128,0.3512467295826454,6.0,94.0
415,45.1547,0.3517676944264283,6.0,95.0
416,45.2346,0.3521293452576475,6.0,95.0
417,45.2916,0.35242343448147445,6.0,95.0
418,45.3079,0.35298318582043997,6.0,95.0
419,45.3103,0.3532045253598487,6.0,95.0
420,45.3977,0.3539537848352233,6.0,95.0
421,45.4605,0.35484505840795905,6.0,96.0
422,45.4991,0.3555108700403838,6.0,96.0
423,45.5635,0.3558284392271315,6.0,96.0
424,45.6894,0.3558331835136352,6.0,96.0
425,45.7594,0.35639825074670795,6.0,96.0
426,45.7819,0.35673020461251714,6.0,96.0
427,45.8311,0.3570524414194542,6.0,96.0
428,45.8914,0.3576550745050757,6.0,96.0
429,45.9448,0.35810464837798406,6.0,96.0
430,45.9851,0.3588054653084234,6.0,96.0
431,46.0326,0.35944534190803135,6.0,96.0
432,46.0716,0.36033491569531106,6.0,96.0
433,46.135,0.36107688260468046,6.0,96.0
434,46.1045,0.3617639358608456,6.0,96.0
435,46.1943,0.362686019672507,6.0,97.0
436,46.2744,0.36290941126964404,6.0,96.0
437,46.3587,0.3629845991401304,6.0,97.0
438,46.4201,0.36330642817747494,6.0,97.0
439,46.4775,0.3637284690740091,6.0,97.0
440,46.5516,0.36404868752501934,6.0,97.0
441,46.6699,0.3644349526080994,6.0,97.0
442,46.7241,0.3648358376555732,6.0,97.0
443,46.7697,0.3653036967648808,6.0,98.0
444,46.8187,0.3659048942965463,6.0,98.0
445,46.9028,0.36652218086618904,6.0,98.0
446,46.8857,0.3671844032493741,6.0,98.0
447,46.9643,0.3682491592594998,6.0,99.0
448,46.9967,0.368610656781151,6.0,99.0
449,47.0507,0.36879787707959183,6.0,99.0
450,47.0589,0.3688394872240954,6.0,98.0
451,47.1165,0.36935933101323243,6.0,99.0
452,47.1759,0.3698931710843017,6.0,99.0
453,47.2418,0.3702727690073156,6.0,99.0
454,47.3051,0.370943663268607,6.0,100.0
455,47.3915,0.37120393587784184,6.0,100.0
456,47.4624,0.37192955217780044,6.0,100.0
457,47.4995,0.37214917637413647,6.0,100.0
458,47.5691,0.3727413260273294,6.0,101.0
459,47.5962,0.37273128043771964,6.0,100.0
460,47.6557,0.37291221769101185,6.0,101.0
461,47.7252,0.37309399406696586,6.0,100.0
462,47.7636,0.37344129035731366,6.0,101.0
463,47.8336,0.37395996538342446,6.0,100.10000000000036
464,47.8406,0.374337724571281,6.0,101.0
465,47.8981,0.37495995937714777,6.0,101.0
466,47.9534,0.37503688899998516,6.0,101.0
467,48.004,0.3757954505074029,6.0,101.0
468,48.0168,0.3759914742848198,6.0,101.0
469,48.0736,0.37635770593450063,6.0,101.0
470,48.1379,0.37655661971048354,6.0,101.0
471,48.1949,0.3768784089497742,6.0,102.0
472,48.2402,0.3770607217342874,6.0,102.0
473,48.2735,0.3774476605420217,6.0,102.0
474,48.3275,0.37785481577079416,6.0,102.0
475,48.3779,0.3783147649314457,6.0,102.0
476,48.4212,0.37866303968800935,6.0,102.0
477,48.4844,0.3789790471461684,6.0,102.0
478,48.6186,0.37946643182406553,6.0,102.0
479,48.6045,0.3797577511650773,6.0,102.0
480,48.632,0.3802566200734842,6.0,102.0
481,48.6466,0.3810679626040614,6.0,102.0
482,48.7443,0.3812928142150309,6.0,102.0
483,48.841,0.3816023505370396,6.0,102.0
484,48.915,0.38215989077637375,6.0,103.0
485,49.0065,0.38284057055809284,6.0,102.0
486,49.0622,0.3831616557034925,6.0,103.0
487,49.1342,0.38385749138628006,6.0,103.0
488,49.2032,0.38416114972091575,6.0,103.0
489,49.2542,0.3846340761987378,6.0,103.0
490,49.3045,0.38536550005399056,6.0,103.0
491,49.4074,0.3859955204120616,6.0,104.0
492,49.4351,0.3864637553800122,6.0,104.0
493,49.4361,0.3871481112507251,6.0,104.0
494,49.4577,0.3873334787923467,6.0,104.0
495,49.4677,0.38737855114240516,6.0,104.0
496,49.4814,0.38754011939206195,6.0,104.0
497,49.5374,0.3879376363347161,6.0,104.0
498,49.5906,0.38798261844472187,6.0,104.0
499,49.6714,0.38830160960006715,6.0,104.0
500,49.6908,0.38797955145759144,6.0,104.0
